ticketNo,lotNo,validity,validTill,details,ticketFor,cost
011000791200282183,a12,y,21/7/2023,,adult,120
011000791200282184,a13,y,21/7/2023,,adult,120
011000791200282188,a14,y,21/7/2023,,adult,120
011000791200282189,a15,y,21/7/2023,,adult,120
011000791200282195,a16,y,21/7/2023,,adult,120
011000791200282200,a17,y,21/7/2023,,adult,120
011000791200282205,a18,y,21/7/2023,,adult,120
011000791200282210,a19,y,21/7/2023,,adult,120
011000791200282211,a20,y,21/7/2023,,adult,120
011000791200282219,a21,y,21/7/2023,,adult,120
011000791200282223,a22,y,21/7/2023,,adult,120
011000791200282226,a23,y,21/7/2023,,adult,120
011000791200282228,a24,y,21/7/2023,,adult,120
011000791200282230,a25,y,21/7/2023,,adult,120
011000791200282235,a26,y,21/7/2023,,adult,120
011000791200282239,a27,y,21/7/2023,,adult,120
011000791200282242,a28,y,21/7/2023,,adult,120
011000791200282245,a29,y,21/7/2023,,adult,120
011000791200282251,a30,y,21/7/2023,,adult,120
011000791200282254,a31,y,21/7/2023,,adult,120
011000791200282256,a32,y,21/7/2023,,adult,120
011000791200282260,a33,y,21/7/2023,,adult,120
011000791200282261,a34,y,21/7/2023,,adult,120
011000791200282269,a35,y,21/7/2023,,adult,120
011000791200282270,a36,y,21/7/2023,,adult,120
011000791200282275,a37,y,21/7/2023,,adult,120
011000791200282283,a38,y,21/7/2023,,adult,120
011000791200282284,a39,y,21/7/2023,,adult,120
011000791200282286,a40,y,21/7/2023,,adult,120
011000791200282288,a41,y,21/7/2023,,adult,120
011000791200282292,a42,y,21/7/2023,,adult,120
011000791200282295,a43,y,21/7/2023,,adult,120
011000791200282303,a44,y,21/7/2023,,adult,120
011000791200282313,a45,y,21/7/2023,,adult,120
011000791200281563,a46,y,21/7/2023,,adult,120
011000791200281564,a47,y,21/7/2023,,adult,120
011000791200281575,a48,y,21/7/2023,,adult,120
011000791200281577,a49,y,21/7/2023,,adult,120
011000791200281580,a50,y,21/7/2023,,adult,120
011000791200281588,a51,y,21/7/2023,,adult,120
011000791200281590,a52,y,21/7/2023,,adult,120
011000791200281593,a53,y,21/7/2023,,adult,120
011000791200281594,a54,y,21/7/2023,,adult,120
011000791200281604,a55,y,21/7/2023,,adult,120
011000791200281611,a56,y,21/7/2023,,adult,120
011000791200281620,a57,y,21/7/2023,,adult,120
011000791200281627,a58,y,21/7/2023,,adult,120
011000791200281629,a59,y,21/7/2023,,adult,120
011000791200281631,a60,y,21/7/2023,,adult,120
011000791200281634,a61,y,21/7/2023,,adult,120